{"cameraMode":{"drawMode":0,"name":"Shaded","section":"Shading Mode"},"sceneLighting":false,"audioPlay":false,"sceneViewState":{"showFog":true,"showMaterialUpdate":false,"showSkybox":false,"showFlares":true,"showImageEffects":true,"showParticleSystems":true},"in2DMode":false,"pivot":{"x":0.5365171432495117,"y":3.7989022731781008,"z":-2.385509490966797},"rotation":{"x":0.2062031328678131,"y":-0.5274781584739685,"z":0.13374581933021546,"w":0.8132418990135193},"size":4.166025161743164,"orthographic":false}