{"cameraMode":{"drawMode":0,"name":"Shaded","section":"Shading Mode"},"sceneLighting":false,"audioPlay":false,"sceneViewState":{"showFog":true,"showMaterialUpdate":false,"showSkybox":false,"showFlares":true,"showImageEffects":true,"showParticleSystems":true},"in2DMode":false,"pivot":{"x":0.5365171432495117,"y":5.869999885559082,"z":-3.989999771118164},"rotation":{"x":0.2062031328678131,"y":-0.5274781584739685,"z":0.13374581933021546,"w":0.8132418990135193},"size":0.8660253286361694,"orthographic":false}